{
  "m": {
    "ft": 3.28084,
    "cm": 100,
    "in": 39.3701,
    "mm": 1000,
    "yd": 1.09361,
    "km": 0.001
  },
  "cm": {
    "m": 0.01,
    "ft": 0.0328084,
    "in": 0.393701,
    "mm": 10,
    "yd": 0.0109361,
    "km": 0.00001
  },
  "in": {
    "m": 0.0254,
    "cm": 2.54,
    "ft": 0.0833333,
    "mm": 25.4,
    "yd": 0.0277778,
    "km": 0.0000254
  },
  "ft": {
    "m": 0.3048,
    "cm": 30.48,
    "in": 12,
    "mm": 304.8,
    "yd": 0.333333,
    "km": 0.0003048
  },
  "mm": {
    "m": 0.001,
    "cm": 0.1,
    "in": 0.0393701,
    "ft": 0.00328084
  },
  "yd": {
    "m": 0.9144,
    "cm": 91.44,
    "in": 36,
    "ft": 3
  },
  "km": {
    "m": 1000,
    "cm": 100000,
    "in": 39370.1,
    "ft": 3280.84,
    "mm": 1000000,
    "yd": 1093.61
  }
}
