{
  "m": {
    "ft": 3.28084,
    "cm": 100,
    "in": 39.3701
  },
  "cm": {
    "m": 0.01,
    "ft": 0.0328084,
    "in": 0.393701
  },
  "in": {
    "m": 0.0254,
    "cm": 2.54,
    "ft": 0.0833333
  },
  "ft": {
    "m": 0.3048,
    "cm": 30.48,
    "in": 12
  },
  "mm": {
    "m": 0.001
  },
  "yd": {
    "m": 0.9144
  },
  "km": {
    "m": 1000
  }
}
